{
  "config": {
    "initial_tech": 1818399098.1887074,
    "growth_rate": 0.5,
    "singularity_threshold": 1000,
    "growth_model": "exponential",
    "enable_breakthroughs": true,
    "enable_resource_constraints": true,
    "enable_societal_impacts": true,
    "enable_domain_interdependence": true
  },
  "results": {
    "time_steps": 20,
    "final_tech_level": 1818399098.1887074,
    "tech_history": [
      1.0,
      1.4993926034266942,
      2.5638884165352325,
      4.386333765473398,
      7.502225906735101,
      12.961309350702782,
      23.311624724680982,
      40.98333035692082,
      74.87173375524976,
      143.12818305989293,
      272.1648673143596,
      1438.7704256493496,
      3796.420348237915,
      9643.508420916203,
      41957.61160158832,
      237953.52791679982,
      1412175.6870068926,
      8360960.368946944,
      49492913.96663612,
      297857190.8379418,
      1818399098.1887074
    ],
    "growth_rates": [
      0.5,
      0.4965515398591357,
      0.7097254595685164,
      0.7073139797595589,
      0.7015838631573627,
      0.7310728636505056,
      0.8024455987197485,
      0.7574895338217578,
      0.8200976534796037,
      0.9210516656623099,
      0.9008874887056577,
      1.8697446231068315,
      2.027694814780564,
      1.7707780086848686,
      3.795168972936565,
      5.0,
      5.0,
      5.0,
      5.0,
      5.0,
      5.0
    ],
    "breakthroughs": [
      [
        10,
        "General AI"
      ]
    ],
    "domains": {
      "computation": 2345589244.3739395,
      "biotechnology": 1592990910.6203847,
      "nanotechnology": 1541076667.2969928,
      "energy": 1576391423.224898,
      "artificial_intelligence": 2462179310.9511385,
      "robotics": 2366243362.44853,
      "materials_science": 1536704030.7703526,
      "neuroscience": 1757347476.3792605,
      "quantum_systems": 1488934885.5442393,
      "spacetime_engineering": 1516533670.277337
    },
    "domain_history": {
      "computation": [
        1.0,
        1.4943840386537135,
        2.542087836271231,
        4.4185571796261796,
        7.667822698927446,
        13.528123652277426,
        24.474620776436165,
        42.70515907996404,
        77.13530629094402,
        144.72119468419112,
        269.88568344612406,
        2877.5804452670977,
        6862.648215213749,
        15956.368222924324,
        61820.97216440795,
        335755.24790594605,
        1888850.735261662,
        10901928.529764304,
        64612280.01099135,
        384432894.16409886,
        2345589244.3739395
      ],
      "biotechnology": [
        1.0,
        1.4787319047276455,
        2.4937846440948412,
        4.318789583720434,
        7.322455909872124,
        12.915299985385568,
        23.029630172924758,
        40.65683162342482,
        75.270515303692,
        141.8120302186056,
        277.0845539433897,
        826.9118845468046,
        2461.8683179431455,
        7101.0181410485175,
        34295.163926112284,
        200110.3006908744,
        1151699.2202261721,
        6877776.540926542,
        41512743.53280458,
        247040486.64177513,
        1592990910.6203847
      ],
      "nanotechnology": [
        1.0,
        1.5132172657571412,
        2.5577098708430004,
        4.337063791254686,
        7.500607254441929,
        12.869898216262538,
        23.20598533841867,
        40.00531045544552,
        72.4566169558276,
        136.73781738464646,
        259.8023313480043,
        744.6320792366491,
        2208.384682771254,
        6054.48176600131,
        28571.245818045696,
        174380.9381250475,
        1112191.5104684874,
        7021359.6406919435,
        41906818.27526065,
        255472897.47627714,
        1541076667.2969928
      ],
      "energy": [
        1.0,
        1.4868300452906136,
        2.587389299778589,
        4.390549248959518,
        7.404563259979421,
        12.584717954840157,
        22.968037692756724,
        39.68672185770531,
        72.58431549478335,
        137.5705340804553,
        259.12944327995115,
        765.2519461372498,
        2332.3158910985358,
        6598.974665401536,
        32001.750719382813,
        194854.61861398723,
        1211965.0118207708,
        7133487.052862634,
        44182100.055682875,
        268035371.2883561,
        1576391423.224898
      ],
      "artificial_intelligence": [
        1.0,
        1.4771515059689753,
        2.5466765259787074,
        4.329406942197105,
        7.5262220511503175,
        12.902110276530024,
        23.111360980289007,
        40.49734872299357,
        75.71882525632155,
        144.78858296143056,
        273.8609293498664,
        2996.883951492078,
        7371.471579999869,
        17133.703831175844,
        67758.11796513812,
        350402.73103401746,
        1985440.283020141,
        11521638.808464881,
        67139291.4005364,
        399766160.2276027,
        2462179310.9511385
      ],
      "robotics": [
        1.0,
        1.5155598245507576,
        2.604995691908689,
        4.491938511779575,
        7.65869704944211,
        13.025002641585784,
        23.09525901160518,
        40.089133046626486,
        74.653561267865,
        145.48276516376183,
        273.70204629387933,
        2982.6420787441757,
        6989.233890140042,
        16130.940997906868,
        66728.36855579715,
        344052.3134718359,
        1936542.315058288,
        11041896.301658891,
        62570307.96110705,
        373028867.1071987,
        2366243362.44853
      ],
      "materials_science": [
        1.0,
        1.5192425808810461,
        2.5555871041736515,
        4.433482940381073,
        7.448978694330712,
        12.957600096962967,
        23.372826897483353,
        40.468372803614045,
        73.16311975207152,
        140.91162529485644,
        262.64907182300834,
        770.7093979157632,
        2349.2232584009844,
        6595.483937824325,
        30597.625257551692,
        190659.99343036808,
        1155319.8793178888,
        7077769.673840154,
        41863880.86650241,
        252452805.47414583,
        1536704030.7703526
      ],
      "neuroscience": [
        1.0,
        1.5112446046453079,
        2.6195405146377153,
        4.471784539191465,
        7.746891161445389,
        13.34136687493261,
        23.79297760549938,
        42.58927663235697,
        77.13741427189565,
        151.2558122196066,
        292.8376050868175,
        854.4383892216518,
        2623.7625267959593,
        7360.860160645189,
        33915.390692880974,
        199908.47752162814,
        1245685.0796385575,
        7441385.355658182,
        46263922.68101693,
        283709280.27900624,
        1757347476.3792605
      ],
      "quantum_systems": [
        1.0,
        1.5137519972595723,
        2.5900982963146095,
        4.3558607229722,
        7.43080237673692,
        12.88657686636168,
        23.48115432763898,
        41.59522550808739,
        75.74053158864204,
        146.3741497962532,
        272.80433323274997,
        765.285700146082,
        2386.7467944072905,
        6769.019716275082,
        32229.51255616935,
        198611.61346897844,
        1222807.451221309,
        7188501.1794187855,
        42083752.57435711,
        258437478.30889818,
        1488934885.5442393
      ],
      "spacetime_engineering": [
        1.0,
        1.4838122665321696,
        2.541014381351291,
        4.315904194651743,
        7.315218611024642,
        12.60239694188906,
        22.584394443757596,
        41.53992383899001,
        74.85713137045495,
        141.62731879512236,
        279.89267533980507,
        803.3683837859444,
        2378.5483256083185,
        6734.232769959019,
        31657.968360397183,
        190799.0449053148,
        1211255.3840356492,
        7403860.606183125,
        42794042.30810183,
        256195667.41206,
        1516533670.277337
      ]
    },