{
  "config": {
    "initial_tech": 137.9461458428588,
    "growth_rate": 0.5,
    "singularity_threshold": 1000,
    "growth_model": "exponential",
    "enable_breakthroughs": true,
    "enable_resource_constraints": true,
    "enable_societal_impacts": true,
    "enable_domain_interdependence": true
  },
  "results": {
    "time_steps": 10,
    "final_tech_level": 137.9461458428588,
    "tech_history": [
      1.0,
      1.5892167385761,
      2.667769344948073,
      4.3831465409896255,
      7.599103686692102,
      11.782822492388357,
      18.63132760131355,
      29.14907059704742,
      47.144263681533104,
      79.43366084673542,
      137.9461458428588
    ],
    "growth_rates": [
      0.5,
      0.5831862520418162,
      0.6723773242132929,
      0.6519091637865354,
      0.7358868286541196,
      0.5574372156517354,
      0.5818975259538776,
      0.5563166883719127,
      0.616213235744797,
      0.6812550455107483,
      0.7264048067588696
    ],
    "breakthroughs": [],
    "domains": {
      "computation": 136.66643955086172,
      "biotechnology": 145.37040577863027,
      "nanotechnology": 136.6131978155168,
      "energy": 136.39911128199904,
      "artificial_intelligence": 142.9569377003271,
      "robotics": 136.50540827275162,
      "materials_science": 132.23210894977692,
      "neuroscience": 139.10559964128686,
      "quantum_systems": 134.05666524359114,
      "spacetime_engineering": 139.55558419384647
    },
    "domain_history": {
      "computation": [
        1.0,
        1.569219457618526,
        2.590690399794007,
        4.249929323608572,
        7.420374570338365,
        11.470509418194895,
        18.00353044744015,
        28.387363672784996,
        45.9417263387627,
        77.12604417666854,
        136.66643955086172
      ],
      "biotechnology": [
        1.0,
        1.5865473662487304,
        2.7084070531357813,
        4.467958156207455,
        7.8173623066636795,
        12.355971078477797,
        19.678080204990266,
        30.326954357930518,
        49.70410761966101,
        82.59046145220015,
        145.37040577863027
      ],
      "nanotechnology": [
        1.0,
        1.600256938195395,
        2.7130129771311053,
        4.483606585486092,
        7.685302729437166,
        11.923620357805207,
        18.697363040889197,
        29.229995419859975,
        47.01138042916726,
        77.73849581097062,
        136.6131978155168
      ],
      "energy": [
        1.0,
        1.597839641670665,
        2.663680151618267,
        4.367796774240579,
        7.588837527651689,
        11.964077942069705,
        18.707256070376882,
        28.66034065237565,
        46.09951826662389,
        78.98675634132258,
        136.39911128199904
      ],
      "artificial_intelligence": [
        1.0,
        1.5744681670398029,
        2.685049378245186,
        4.392452650127178,
        7.613176751703254,
        11.66123266610973,
        18.37184393919797,
        29.08133933955357,
        47.55649066095402,
        81.35080765521424,
        142.9569377003271
      ],
      "robotics": [
        1.0,
        1.5727104383431842,
        2.5917870580296967,
        4.360337944118981,
        7.454608178647344,
        11.48837851688517,
        18.317044523512212,
        28.357671330028563,
        45.81314457902116,
        77.88345616939417,
        136.50540827275162
      ],
      "materials_science": [
        1.0,
        1.587761909839771,
        2.6792226059917357,
        4.390758401246818,
        7.58126498433571,
        11.91762163535749,
        18.754706762579065,
        29.48545454480538,
        46.93765756168276,
        78.18973861868066,
        132.23210894977692
      ],
      "neuroscience": [
        1.0,
        1.59905520455129,
        2.7198677277589187,
        4.410343050736818,
        7.613679004652699,
        11.68173035591153,
        18.8046590307974,
        29.62855657838457,
        48.52493868026238,
        82.25580245563104,
        139.10559964128686
      ],
      "quantum_systems": [
        1.0,
        1.6076224613298824,
        2.6904987708368386,
        4.3747430728534376,
        7.592147891102102,
        11.633193893439806,
        18.134927694299176,
        28.54873532912144,
        46.26221037903431,
        78.4041042485072,
        134.05666524359114
      ],
      "spacetime_engineering": [
        1.0,
        1.5966858009237528,
        2.635477326939191,
        4.333539451270324,
        7.6242829223890185,
        11.731889059632222,
        18.84386429905322,
        29.784294745629573,
        47.59146230016168,
        79.81094153876491,
        139.55558419384647
      ]
    },
    "risk_history": [
      0.0,
      0.0,
      0.49852686621392384,
      0.49570021035849426,
      0.0,
      0.110682394108605,
      0.08391377634957009,
      0.5501285835012749,
      0.6392227357768931,
      0.036443002128000446,
      0.5620532895016485
    ],
    "safety_history": [
      0.0,
      0.6610120382963937,
      1.4847548314255548,
      2.0567591617819216,
      2.7076889171823257,
      3.408817014241,
      4.0155130770995475,
      4.788304513235509,
      5.732183461141464,
      6.455764529075375,
      7.281029473920539
    ],
    "state_snapshots": [
      {
        "time_step": 0,
        "tech_level": 1.5892167385761,
        "growth_rate": 0.5831862520418162,
        "domains": {
          "computation": 1.569219457618526,
          "biotechnology": 1.5865473662487304,
          "nanotechnology": 1.600256938195395,
          "energy": 1.597839641670665,
          "artificial_intelligence": 1.5744681670398029,
          "robotics": 1.5727104383431842,
          "materials_science": 1.587761909839771,
          "neuroscience": 1.59905520455129,
          "quantum_systems": 1.6076224613298824,
          "spacetime_engineering": 1.5966858009237528
        },
        "active_breakthroughs": [],
        "existential_risk": 0.0,
        "safety_measures": 0.6610120382963937,
        "emergent_properties": {
          "intelligence": 121.8627576943987,
          "complexity": 1.0302377859683427,
          "creativity": 51.01446359781428,
          "adaptability": 1.0010511405605875,
          "consciousness": 0.0
        },
        "narrative_state": "dormant",
        "personality_traits": {
          "curiosity": 0.7386028441001805,
          "caution": 0.5388460771731286,
          "efficiency": 0.9435901296988174,
          "harmony": 0.7409418501695879,
          "independence": 0.33213699756532383
        },
        "goals": [],
        "resources": {
          "human_capital": 98.35581568379374,
          "computational_resources": 101.20696016724449,
          "materials": 100.27125122704987,
          "energy": 99.70031361486173,
          "attention": 103.20970984191959,
          "investment": 96.41227088895258,
          "knowledge": 106.31102148464417,
          "political_will": 96.70732768770945
        },
        "societal_impacts": {
          "economic": 0.0,
          "political": -3.3652154875942406,
          "social": 0.0,
          "environmental": -0.20054250245409977,
          "ethical": -0.005000000000000001,
          "existential": 0.0
        }
      },
      {
        "time_step": 5,
        "tech_level": 18.63132760131355,
        "growth_rate": 0.5818975259538776,
        "domains": {
          "computation": 18.00353044744015,
          "biotechnology": 19.678080204990266,
          "nanotechnology": 18.697363040889197,
          "energy": 18.707256070376882,
          "artificial_intelligence": 18.37184393919797,
          "robotics": 18.317044523512212,
          "materials_science": 18.754706762579065,
          "neuroscience": 18.8046590307974,
          "quantum_systems": 18.134927694299176,
          "spacetime_engineering": 18.84386429905322
        },
        "active_breakthroughs": [],
        "existential_risk": 0.08391377634957009,